{
  "sorted_array": {
    "original": [1, 2, 3, 4, 5],
    "sorted": [1, 2, 3, 4, 5],
    "time_seconds": 0.000023
  },
  "reverse_sorted": {
    "original": [5, 4, 3, 2, 1],
    "sorted": [1, 2, 3, 4, 5],
    "time_seconds": 0.000045
  },
  "random_small": {
    "original": [3, 1, 4, 1, 5, 9, 2, 6],
    "sorted": [1, 1, 2, 3, 4, 5, 6, 9],
    "time_seconds": 0.000037
  },
  "duplicates": {
    "original": [4, 2, 4, 1, 3, 4, 2],
    "sorted": [1, 2, 2, 3, 4, 4, 4],
    "time_seconds": 0.000042
  },
  "empty": {
    "original": [],
    "sorted": [],
    "time_seconds": 0.000011
  },
  "single": {
    "original": [42],
    "sorted": [42],
    "time_seconds": 0.000013
  },
  "random_large": {
    "original": [57, 234, 619, 315, 592, 72, 944, 408, 444, 209, 159, 774, 968, 259, 458, 3, 861, 654, 995, 837, 279, 856, 55, 345, 223, 156, 684, 434, 915, 561, 474, 332, 578, 269, 46, 822, 533, 365, 508, 354, 120, 770, 632, 904, 970, 628, 755, 396, 143, 198, 700, 891, 788, 768, 765, 388, 989, 818, 420, 320, 556, 84, 600, 888, 514, 473, 782, 500, 681, 288, 97, 152, 663, 264, 655, 386, 611, 399, 451, 220, 86, 923, 30, 362, 867, 455, 952, 748, 564, 697, 28, 724, 121, 164, 98, 183, 206, 370, 498, 299],
    "sorted": [3, 28, 30, 46, 55, 57, 72, 84, 86, 97, 98, 120, 121, 143, 152, 156, 159, 164, 183, 198, 206, 209, 220, 223, 234, 259, 264, 269, 279, 288, 299, 315, 320, 332, 345, 354, 362, 365, 370, 386, 388, 396, 399, 408, 420, 434, 444, 451, 455, 458, 473, 474, 498, 500, 508, 514, 533, 556, 561, 564, 578, 592, 600, 611, 619, 628, 632, 654, 655, 663, 681, 684, 697, 700, 724, 748, 755, 765, 768, 770, 774, 782, 788, 818, 822, 837, 856, 861, 867, 888, 891, 904, 915, 923, 944, 952, 968, 970, 989, 995],
    "time_seconds": 0.001243
  }
}